{"train/loss": 0.05237960070371628, "train/vq_loss": 0.01786271668970585, "lr": 5.999999848427251e-05, "epoch": 15, "trainer/global_step": 1099, "_timestamp": 1738920591.4471855, "_runtime": 9956.977794408798, "_step": 9, "val/loss": 0.2518215477466583}