{"train/loss": 0.07322656363248825, "train/vq_loss": 0.02528490498661995, "lr": 5.999999848427251e-05, "epoch": 22, "trainer/global_step": 1649, "_timestamp": 1738976149.5831864, "_runtime": 41885.50657534599, "_step": 45, "val/loss": 0.26324835419654846}