{"train/loss": 0.07572180032730103, "train/vq_loss": 0.02103426307439804, "lr": 7.599999662488699e-05, "epoch": 10, "trainer/global_step": 802, "_timestamp": 1738769504.72228, "_runtime": 21316.985229969025, "_step": 26, "val/loss": 0.2453833371400833}